artistId,artistAlias
478672,Aftershock
295656,"Udiyana Bandha"
239957,"Far Beyond"
301867,"Fear of Music"
855877,2:54
8557,Terrorizer
16171,"Charles Weedon Westover"
16171,"Shannon, Del"
16171,"Del Shannon"
884511,Stillborn
132289,"Ryan Farish"
124466,"La Internacional Sonora Santanera"
124466,"La Sonora Santanera"
329174,"DJ Squeeky"
136294,"Colour Haze"
1167861,Veils
902446,Proletar
163615,"Giulio Romolo Caccini"
163615,"Giulio Romano"
163615,"Džulio Kačīni"
163615,"Giulio Caccini"
509074,Runaway
66836,Dynamo
413229,Lolita
47373,"Dying Fetus"
977,"Lorenna McKennitt"
977,"Lorena Mckennitt"
977,"Loreena McKennitt (from the movie ""The Mists of Avalon"")"
977,"Loreena McKennit"
977,"Loreena Mc Kennitt"
977,"Loreena Isabel Irene McKennitt"
977,"Loreena McKennitt"
45503,"Assorted Jelly Beans"
403566,"David Glass"
282148,"The True Believers"
15947,"Edward Bear"
147492,"Louis Bertignac"
2327,"J. S. Bahs"
2327,"Johann Sebastian Bach"
2327,"Иоганн Себастьян Бах"
2327,"Johann Sebastian Bach"
2327,バッハ
2327,Bach
2327,"JS Bach"
2327,"J S Bach"
2327,"Johann Savastian Bach"
2327,"Johann Sebastuan Bach"
2327,"Johann-sebastian Bach"
2327,"J.S. Bach"
2327,"J.S Bach"
2327,"J. S. Bach"
2327,"Jean-Sébastien Bach"
2327,"Jan Sebastian Bach"
2327,"Johan Sebastian Bach"
2327,J.S.Bach
2327,바흐
2327,"Johann S. Bach"
2327,J.S.Bash
2327,"Johann Sebstian Bach"
2327,"J.S. バッハ"
2327,"Bach (1685-1750)"
2327,"Себастьян Бах"
2327,"J. S. Bacj"
2327,"Johann Sabastian Bach"
2327,"Johann Sebastion Bach"
2327,"Johann Sebasitan Bach"
2327,"Johann Sebastian Bach"
2327,"Jean-Sébastien Bach"
2327,"Johann Sebastian Bach (1685-1750)"
2327,ヨハン・ゼバスティアン・バッハ
2327,"يوهان سباستيان باخ"
2327,"Johann Sebastian Bach"
135533,Kagrra
135533,"Kagrra,"
878190,"Maria Orieta"
867246,"Timeless Truth"
22155,"Dr. Hook and The Medicine Show"
22155,"Dr Hook"
22155,"Dr. Hook and the Medicine Show"
22155,"Doctor Hook & The Medicine Show"
22155,"Dr Hook & The Medicine Show"
22155,"Dr. Hook & the Medicine Show"
22155,"Dr Hook and the Medicine Show"
22155,"Doctor Hook And The Medicine Show"
22155,"Dr. Hook & The Medicins Show"
22155,"Dr. Hook"
1939,Banarama
1939,Bannanarama
1939,Bananarama
406489,"Leon Bollier"
406489,"Leon Bolier"
21965,"Darrell Mansfield and Glenn Kaiser"
21965,"Glenn Kaiser and Darrell Mansfield"
21965,Kaiser/Mansfield
933783,"The Once"
30826,"Aphrodite's Child"
1374,Slipknot
530662,Eidyllion
192469,"He Is Legend"
388040,Vulpecula
255564,Hellveto
239733,"Order of Nine"
941104,"Abysmal Chaos"
11790,"The Motorcycle Abeline"
11790,"Warren Zevon"
862223,"Kittens Ablaze"
447798,"Boom Jinx"
3641,"Haggard, Merle"
3641,"Merle Haggard"
58746,"Wir sind Helden"
1035302,"Christian McBride Trio"
1155415,山下怜美
108567,"DJ Tom Wax"
108567,"Tom Wax"
278829,"Lorenz Attractor"
399624,Jig-Ai
1874,Tangobrüder
1874,ディー・トーテン・ホーゼン
1874,"Die Totten Hosen"
1874,"Die Toten Hosen"
1874,"Rote Rosen"
1874,"Die Toten Haosen"
1874,"Tote Hosen"
1874,"Roten Rosen"
1874,"Die Roten Rosen"
1874,"Die Toten Hosen"
808705,"The Old Firm Casuals"
216363,"All My Faith Lost..."
216363,"All My Faith Lost"
216363,"All My Faith Lost …"
216363,"All My Faith Lost…"
216363,"All My Faith Lost ..."
64253,"Lena PH"
64253,"Lena Philipsson"
140618,"Eddie ""One String"" Jones"
3811,"Daniela Mercuty"
3811,"Daniela Mercury"
824024,"Delaney Gibson"
754942,"Mister You"
1054731,ขุนอิน
596626,LAST
53086,Leeway
165152,"Anthony Cruz"
66,r/head
66,レディオヘッド
66,"Radio head"
66,"Radiohead & Thom Yorke"
66,Radiohead
634362,"Colt Ford"
101029,"The Five Keys"
20552,Lange
301613,"Dillard, Ricky & The New Generation Chorale"
301613,"Rickie Dillard & New G"
301613,"Ricky Dillard and New G"
301613,"Ricky Dillard & The New Generation Chorale"
301613,"Ricky Dillard & New G"
211647,Bodyroxx
211647,"Body Rox"
211647,Bodyrox
54091,"Big Boss Man"
174156,Disarray
312946,"The Unit Ama"
84839,Starpoint
75572,"Absturzende Brieftauben"
75572,"Abstuerzende Brieftauben"
75572,"Abstürzende Brieftauben"
644255,Brothertiger
6665,"John Lucien"
6665,"Jon Lucien"
561399,"Slingshot Dakota"
933,"Toad The Wet Sprocket"
933,"Toad The Wet Sproket"
933,"Toad the Wet Sprocket"
38298,"Nicollete Larson"
38298,"Nicollette Larson"
38298,"Nicolette Larsen"
38298,"Nicolette Larson"
24389,"Black Power"
42744,"Hank The Yodelin Ranger Snow"
42744,"Hank Snow"
6052,"Saves The Day"
6052,"Saves the Day"
35755,"4 Tet"
35755,4Tet
35755,Fourtet
35755,Four-Tet
35755,"Four Tet"
5566,"Joey Altruda"
240559,"Maria Taylor"
39626,"Don Caballero"
113811,"Medina Azahara"
67838,"Mark Lorenn O’Connor"
67838,"Mark O Conner"
67838,"Mike O'Conner"
67838,"Mark O' Connor"
67838,"Mark O'Conner"
67838,"Mark O’Connor"
484835,"Kristiina Brask"
1148659,Libra
93,Metallica
93,메탈리카
93,メタリカ
93,Metalica
93,Metallica
228260,Modà
49940,"Greyboy Allstars"
49940,"The Greyboy Allstars"
2815,"Serges Mendes"
2815,"Sergio Mendes & Bep"
2815,"Sergio Mendez"
2815,"Sergio Mendies"
2815,"Sérgio Mendes"
682870,Dhul-Qarnayn
216973,Waysted
513081,Shin-Ski
170395,"Murat Göğebakan"
138883,"Porno Riviste"
138883,Pornoriviste
414781,"Hans Zender"
106712,Brings
946,Ominem
946,"The Real Slim Shady"
946,Eminem
439897,"3 of the Living"
138431,A.C.T.
138431,A.C.T
2997,"E. Moriccone"
2997,"Enrico Morricone"
2997,"Ennio Marricone"
2997,"Ennio Moricone"
2997,E.Morricone
2997,"Ennio Marrcone"
2997,"Ernio Morricone"
2997,"Enno Morricone"
2997,"Enio Moricone"
2997,"Ennio Morricono"
2997,"Ennio Morriconne"
2997,"Ennio Morricone & Orchestra"
2997,"Enio Morricone"
2997,"Ennio Morricone"
2997,エンニオ・モリコーネ
2997,"Ennio Morricone"
698587,"Holding Onto Hope"
21108,Moska
21108,"Paulinho Moska"
506112,"Mira Kubasińska"
242756,"Cujorius One"
289245,"Eye for an Eye"
910715,Kidsaredead
225061,Häiriköt
823092,"Jimmy Barbee"
22400,"Halvdan Sivertsen"
903304,"Future World Music"
707303,Braindead
123898,Movietone
140641,Bamboleo
458356,"Lorne Balfe"
6080,Waylon
6080,"Waylon and the Waymore Blues Band"
6080,"Waylon Jennings"
452567,"Cliff Coenradd"
452567,Mulika
452567,"Cliff Coenraad"
287689,"Henri Crolla"
827155,"Golden Kanine"
536374,Rumatera
912893,"Pinta Facile"
177570,"Omar A. Rodriguez-Lopez"
177570,"Omar Rodriguez Lopez"
177570,"Omar Rodriguez‐Lopez"
143560,Animosity
40751,"DJ Seduction"
657159,"Small Black"
542878,"Industrial Hardcore"
1125544,MAKO
242839,"Mitch Rider & Detroit Wheels"
242839,"Mitch Ryder and the Detroit Wheels"
242839,"Mitch Ryder & The Detroit Wheels"
36961,"Judy Collins ("
36961,"Judy Collins"
683,Unlimited
683,"Two Unlimited"
683,2Unlimited
683,"2 Unlimited"
123,"Cliff Richards"
123,"Harry Webb"
123,"Richard, Cliff"
123,"Cliff Richard"
15746,"Aline Barros"
82800,Patsy
49910,"Carter Family"
49910,"The Original Carter Family"
49910,"The Carter Family"
106941,"Xiu Xiu"
653033,Fasther
259494,"Babu Maan"
259494,"ਬੱਬੂ ਮਾਨ"
259494,"Babbu Maan"
88296,"Steeve Bug"
88296,"Steve Bug"
128010,"Smart Brown Handbag"
46504,"Chris Tomin"
46504,"Chris Tomlin"
106941,"Xiu Xiu"
257520,Pseudofonia
871564,"Kid Crusher"
871564,KidCrusher
2254,"The Damned Night"
2254,Damned
2254,"The Doomed"
2254,"The Damned"
244811,Igo
185139,Inhabited
987279,Dreamerproject
563561,Eleni
127482,"K. West"
127482,"Kanye Omari West"
127482,"Kayne West"
127482,"Kanye West"
881270,"Children of the Night"
12,"The Giant Sandworms"
12,"Giant Sand"
36641,"Willy DeWill"
36641,"Wille Deville"
36641,"Willy de Ville"
36641,"Willie DeVille"
36641,"Willy DeVille"
1029419,"Black Angel"
516928,"Sho Baraka"
103893,"Chaos 88"
140624,"Antonio Suárez Salazar"
140624,Guadiana
819469,"Dee Brown"
38453,"B, Anthony"
38453,"anthony b."
38453,"Anthony B."
38453,"Anthony B"
44954,Prodigy
44954,"The Prodigy Vs. The Prodigy"
44954,"The Prodigy"
47796,"Pedro Infante"
15245,"David Essex"
55795,"Justin R. Timberlake"
55795,"Justine Timberlake"
55795,"Justin ""TENNMAN"" Timberlake"
55795,Trousersnake
55795,"J. Timberlake"
55795,"Justin Timberlake"
1064400,Skirmish
432499,"Arik Einstein"
432499,"Aric Einstein"
432499,"אריק איינשטיין"
958995,Giuda
37125,"Green Verlet"
37125,"Green Velvet"
144274,"Greetje Kauffeld"
30322,"Flamingos, The"
30322,Flamingos
30322,"The Flamingoes"
30322,"The Flamingos"
877893,"Poor Young Things"
42082,"Virgin Steele"
608025,"Motionless in White"
908476,"The Great Commission"
488030,"Efrat Ben Zur"
488030,"אפרת בן צור"
686032,"Magic Kids"
72037,Soehngenetic
21656,"Al Wilson"
831696,Srp
175316,Patachou
12199,"Every Litle Thing"
12199,"Every Little Thing"
12199,ELT
12199,"Every Little Thing"
294017,Electro-Z
823457,Vidharr
1027931,SHXCXCHCXSH
11866,"DJ Rob Swift"
11866,"Rob Swift"
1086806,"Accursed Spawn"
287813,"Les Spécialistes"
32860,"Mobb Deep Blend"
32860,"Moob Deep"
32860,"Mobb Deep"
9456,"Acoustic Strawbs"
9456,Strawbs
710490,"Sons of Bill"
194819,"Raiz do Sana"
5616,"The John Renbourn Group"
5616,"John Renbourn"
105666,Sofaplanet
129421,"DJ Freak"
844,666
182634,"Eoghan Heaslip"
703370,"Rhema Soul"
154592,"The Hudson Falcons"
154592,"Hudson Falcons"
820201,Dehydrated
1115868,"Chronic Side Crew"
286760,"Yuridia Francisca Gaxiola Flores"
286760,Yuridia
286760,Yuridia
12640,"Notorious B.I.G."
12640,"Notorious BIG"
12640,"The Notorious BIG"
12640,"Notorious BIG."
12640,"Notrious B.I.G"
12640,"Notorious B.I.G"
12640,"Biggy Smalls"
12640,"Biggie Smalls"
12640,"Notorious B. I. G."
12640,Biggie
12640,"The Notorious B. I. G."
12640,"The Notorious B.I.G."
138,"Billie Joel"
138,"Joel, Billy"
138,"Billy Joel"
95739,"Franco Califani"
95739,"Franco Califano"
425745,Boni
149220,Syrian
2909,"Neil Daimond"
2909,"Neil Diamond"
900997,Faust
38153,"Mountain Goats"
38153,"The Mountain Goats"
212143,"Stockholm Syndrome"
35721,Quilapayun
35721,Quilapayún
11544,"Mercury Rev"
9075,Graveddigaz
9075,Gravediggaz
380253,"Cenk Eren"
10565,"Joseph Anthony Jacobi Passalaqua"
10565,"Joe Pass"
1158216,"Gângster, o Rapper"
1158216,"Mr. Gângster"
825,"Rolling Stones"
825,"The Rolling Stones"
54406,"Lucky Millinder"
151668,Aborted
68514,"Marty Raybon"
434720,"ג'וני שועלי"
21320,"Albert King"
64771,"Weeping Willows"
1954,"Miles Dewey Davis III."
1954,"Miles Davies"
1954,"Miles Davis"
584181,"Captain Capa"
1348,インディゴ・ガールズ
1348,"Indigo Girls"
72080,"Every Mother's Son"
30674,"Benjamin Scott Folds"
30674,"Ben Folds"
2325,"Buffet, Jimmy"
2325,JimmyBuffett
2325,"Buffett, Jimmy"
2325,"Jimmy Buffet"
2325,"Jimmy Buffet One Particular Harbour"
2325,"Jimmy Buffett"
61059,"Toreros Muertos"
61059,"Los toreros muertos"
169878,"Dave & Domino"
653475,Delahoja
163906,陈慧娴
163906,³¯¼z¼_
163906,"Priscilla Chan"
163906,陳慧嫻
413284,"Ah Niu"
413284,阿牛
160888,"The Goodman"
160888,"Good Men"
160888,"The Goodmen"
160888,Goodmen
160888,"The Good Men"
138385,"Billy Porter"
92121,"Barfuss Filmdialog"
92121,speach
92121,"Radio Skit"
92121,"Skit (1)"
92121,(dialog)
92121,"[Movie Dialogue]"
92121,"Film Dialogue"
92121,"Brooklyn Skit"
92121,"Barfuß Filmdialog"
92121,[対話]
92121,Dialogue
92121,Dialog
92121,(skit)
92121,"Movie Dialogue"
92121,[cast]
92121,[skit]
92121,"(Dialog from Movie)"
92121,dialouge
92121,Skit
92121,"iCarly Cast"
92121,"Boxfresh Skit II"
92121,"Skit (2)"
92121,[dialogi]
92121,"Studio Announcer"
92121,ドラマ
92121,[dialogue]
464686,GReeeeN
464686,GReeeeN
59036,"Black Keys"
59036,"The Black Keys"
212528,Docemania
212528,Doce
699377,"Alcoholic Faith Mission"
204264,"Mason Ruffner"
193896,Fleshless
1115737,"The Hellers"
1036070,Akasha
37120,"umek - slovenia"
37120,"DJ Umek"
37120,Umek
225993,T.A.N.K.
9460,"Muslim Gauze"
9460,Muslimguaze
9460,"m u s l i m g a u z e"
9460,"Muslimgauze - Silknoose"
9460,"Muslim gause"
9460,Muslimgauze
7971,"Maxwell Paul Brennan"
7971,"Max Brennan"
229519,"Susanna Parigi"
272369,WxHxNx?
272369,WxHxNx
272369,WxHxN
272369,WxHxN?
272369,"What Happens Next"
272369,"What Happens Next?"
16180,"Gene Francis Alan Pitney"
16180,ジーン・ピットニー
16180,"Gene Pittney"
16180,"Gene Pitney"
151,"Phillip Charles Collins"
151,"Phillip David Charles Collins"
151,"Phill Collins"
151,"Collins, Phil"
151,"Phil Colins"
151,"P. Collins"
151,"Phil Collins"
172800,התפוחים
172800,"The Apples"
10112,"Maria Bethania"
10112,"Maria Bethânia Vianna Telles Veloso"
10112,"Maria Bethãnia"
10112,"Maria Bethânia"
35628,"Timischl Steinbäcker & Schiffkowitz"
35628,S.T.S.
35628,"Steinbäcker Timischl Schiffkowitz"
35628,STS
9655,"Jackson, Joe"
9655,"Joe Jackson"
12103,"Crosby, Stills, & Nash"
12103,"Crosby, Stills and Nash"
12103,CSN
12103,"Crosby, Stills, And Nash"
12103,"Crosby Stills & Nash"
12103,C|S|N
12103,"Crosby, Stills & Nash"
81468,Tycho
919477,"Riul Doamnei"
84723,Suggs
694221,"The Mistakes"
226539,"Alex Under"
1165209,"Robert Wood"
78538,Flevans
36562,"Jerry Riviera"
36562,"Jerry Rivera"
165293,"David Nevue"
553133,Tritonal
913718,"Club Futura"
10165,Mojave3
10165,"Mojave Three"
10165,"Mojave 3"
87382,"Seven Channels"
4379,"Francis Albert Lai"
4379,Lai
4379,"Lai, Francis"
4379,"Frances Lai"
4379,"F. Lai"
4379,"Francis Lai"
375549,あんどうゆうこ
375549,"Andou Yuuko"
375549,"あんどう ゆうこ"
375549,"Ando Yuko"
375549,"安藤 裕子"
375549,安藤裕子
329457,"Ron Carrol"
329457,"Ron Caroll"
329457,"Ron Carroll"
1021837,"Making Marks"
43102,"SpongeBob SquarePants"
571938,"Other Lives"
121476,"Rita Pivoine"
121476,"Rita Pavone"
44847,"Pat Green"
572007,Babe
1092,Cracker
896298,Coping
527384,"I Melt"
64341,"George, Barbara"
64341,"Barbara George"
84647,"David Gahan"
84647,"Dave Gahan"
274954,Jahbo
811293,Chouchou
23462,"Bob Geldorf"
23462,"Bob Geldof"
345,"Yves Montant"
345,"Yves Montad"
345,Y.Montant
345,"Yves Montand"
826664,"The Smurfs"
826664,"Les Smurfs"
826664,Smurfehits
826664,Smurfe
826664,Smurf
826664,Smurfene
826664,"De Smurfen"
826664,"Die Schlümpfe"
826664,"Les Schtroumpfs"
826664,Smurfarna
826664,"Los Pitufos"
826664,Smurffit
826664,Smølferne
826664,Smurfer
826664,Smurfenhitsen
826664,"Les Schtroumpfs"
765541,Storlok
40410,"TV 2"
40410,"The Beautifuls"
40410,TV2
40410,tv·2
40410,TV-2
257337,Minotaur
557019,"Buenos Muchachos"
161350,"El Otro Yo Del Otro Yo"
161350,"El Otro Yo"
216079,"HWA (Hoez With Attitude)"
216079,H.W.A.
71217,M.D.C.
71217,"Magnus Dominus Corpus"
71217,"Millions of Damn Christians"
71217,"Millions Of Dead Cops"
71217,"Millions of Dead Children"
71217,"Metal Devil Cokes"
71217,"More Dead Cops"
71217,"Multi Death Corporation"
71217,MDC
661090,"The Scissors"
185454,Manuskript
443045,Sophie
41200,FFF
48921,Synapscape
170412,"Jeremy Steig"
31613,"The James Cotton Band"
31613,"James Cotton"
64688,Change
21116,"Raul Seixas"
12264,"Gill Vince"
12264,"e Gill"
12264,"Vince Gill"
157972,Marisa
152233,"Christopher Leon Gray"
152233,"Christopher Gray"
152233,"Chris Gray"
2286,"Blancó DeGia"
2286,"Branco de Gaia"
2286,"Banco de Gaia"
403235,Darkmoon
1155238,ヒダリ
6437,"Roger Whitttaker"
6437,"Roger Whitaker"
6437,"Roger Wittaker"
6437,"Roger Whittacker"
6437,"Roger Whittaker"
296376,Durai
6232,Mutabaruka
898256,"Lethal Fire"
1856,"Johnny Cougar"
1856,"John Mellencamp"
1856,"John Cougar Mellencamp"
1856,"John Cougar"
1856,"John Cugar Mellencamp"
1856,"John Couger"
1856,"John Mellencamp"
834705,"Jesse Ware"
834705,"Jessie Ware"
1051678,Chunk
72634,"Zero Gravity"
804323,Luxtorpeda
331936,"Max Normal"
598551,"Million Dollar Beggars"
983955,"Bengal & Sylo"
303833,Fotomoto
372305,"Nico Muhly"
184355,"Mac Lethal"
549510,"The Johnny Starlings"
86092,Club8
86092,"Club 8"
54367,"Traffic Sound"
32969,"Peter White"
788395,"Y Lime?"
190737,"Lili Boulanger"
32506,"Ian Matthias Bavitz"
32506,"Aseop Rock"
32506,"Aesop Rock"
466548,Solidarity
1063319,"Down Among the Dead Men"
1018138,FEMME
542413,Mansions
374239,"Simply Dead's"
374239,"Simply Dead"
447115,"Charles Plogman"
360,"Three Eleven"
360,311
628,Innercity
628,"Inner City"
37973,"Nervous Norvous"
37973,"Nervous Norvus"
78840,"Russel Mills"
78840,"Russell Mills UNDARK"
78840,"Russell Mills"
830741,"autumn owls"
24293,"Yhdistyneet Urbaanit Puoskarit"
24293,"Young Urban Perverts"
24293,Y.U.P.
24293,YUP
898961,Chrishan
490003,Hesperos
490003,Hexperos
838445,"Johnny Indovina"
933603,"Krystal Garcia"
1044399,"Wooden Saints"
58832,"Quarteto em Cy"
36025,"Robert Charlebois"
1856,"Johnny Cougar"
1856,"John Mellencamp"
1856,"John Cougar Mellencamp"
1856,"John Cougar"
1856,"John Cugar Mellencamp"
1856,"John Couger"
1856,"John Mellencamp"
159646,WASTE
159646,W.A.S.T.E.
909203,"Mercedes Benz"
206147,DHAMM
1027938,"Tire le Coyote"
54780,"Phenomena II"
54780,Phenomena
33453,"John Gale Horton"
33453,"Johnny Horton"
49395,"El Arrebato"
776328,"Rumi Kasahara"
776328,"Kasahara, Rumi"
776328,笠原留美
50039,"Barrington Levy"
300944,"Ministério Ipiranga"
591354,Xperiment
864958,"The Holy Guile"
633,LOVG
633,"La Oreja"
633,LODVG
633,"La Oreja de Van Gogh"
1077554,T-Nikko
1008575,"Black Chamber"
928957,"Lounge Aura"
92121,"Barfuss Filmdialog"
92121,speach
92121,"Radio Skit"
92121,"Skit (1)"
92121,(dialog)
92121,"[Movie Dialogue]"
92121,"Film Dialogue"
92121,"Brooklyn Skit"
92121,"Barfuß Filmdialog"
92121,[対話]
92121,Dialogue
92121,Dialog
92121,(skit)
92121,"Movie Dialogue"
92121,[cast]
92121,[skit]
92121,"(Dialog from Movie)"
92121,dialouge
92121,Skit
92121,"iCarly Cast"
92121,"Boxfresh Skit II"
92121,"Skit (2)"
92121,[dialogi]
92121,"Studio Announcer"
92121,ドラマ
92121,[dialogue]
77335,Flairck
21071,Dillinjer
21071,Dillinjah
21071,Dillinger
21071,Dillinja
22321,"Edge of Sanity"
38329,"Carmen Consoli"
92872,Reflex
2563,"Noir Disir"
2563,"Noir Desir"
2563,"Noir Désir"
8076,Deerhoof
1093487,"Salt Cathedral"
121198,"Comeback Kid"
188122,"Project X"
108365,"Lummee Dee"
108365,Lumidee
468271,"Revolution Mother"
8193,"The Pharmacyde"
8193,Pharcyde
8193,"The Pharcyde"
41543,"Johnny Halliday"
41543,"Johnny Hallyday"
116485,"Phillipe Lavil"
116485,"Philippe Lavil"
259650,"Ulf Dageby"
1155715,かもめ児童合唱団
43899,"Silvio Rodriguez"
43899,"Silvia Rodriguez"
43899,"Silvo Rodriguez"
43899,"Silvio Rodríguez"
15168,M.O.P
15168,"M. O. P."
15168,"Mash Out Posse"
15168,Mop
15168,M.O.P.
264911,Neel
120667,"These Arms Are Snakes"
39648,"Marc' Oh"
39648,Mark'Oh
39648,"Mark Oh"
39648,Mark´Oh
39648,"Mark 'Oh"
63608,드렁큰타이거
63608,"Drunken Tiger"
60393,Saariaho
60393,"Kaija Saariaho"
36499,Thursday
8746,"Jah Shaka"
562672,"String Quartet Tribute"
562672,"The String Quartet Tribute to The Rolling Stones"
562672,"The String Quartet Tribute To Jimi Hendrix"
562672,"The String Quartet Tribute to Iron Maiden"
562672,"The String Quartet Tribute to Sarah McLachlan"
562672,"The String Quartet Tribute to No Doubt"
562672,"String Tribute"
562672,"The String Quartet Tribute to Staind"
562672,"The String Quartet Tribute to Radiohead"
562672,"The String Quartet Tribute to Björk"
562672,"The String Quartet Tribute"
562672,"The String Quartet Tribute"
562672,"The String Quartet Tribute to Marilyn Manson"
562672,"The String Quartet Tribute to Pink Floyd"
562672,"The String Quartet Tribute to The Pixies"
562672,"The String Quartet Tribute to 3 Doors Down"
562672,"The String Quartet Tribute to Celine Dion"
562672,"The String Quartet Tribute to Peter Gabriel"
562672,"The String Quartet Tribute To Slayer"
562672,"The String Quartet Tribute to Korn"
562672,"The Angry String Orchestra"
562672,"The String Quartet Tribute To Black Sabbath"
562672,"The String Quartet Tribute to Nirvana"
562672,"The String Quartet Tribute to Creed"
562672,"The Vitamin String Quartet"
562672,"The String Quartet Tribute to Oasis"
562672,"The String Quartet Tribute to The Cure"
562672,"The String Quartet Tribute to Massive Attack"
562672,"The Tallywood Strings"
562672,"Vitamin String Quartet"
63938,"Devon Irons"
973220,"Bare Wires"
39907,"Keke Wyatt"
436390,"Cliff Jordan"
436390,"Clifford Jordan"
730488,"Sultans of String"
228411,"Los Palmeras"
36627,Rage
401547,I.R.A.
366414,Battleheart
530014,"Mandisa Hundley"
530014,Mandisa
662038,Gretchen
2418,"Tom Jenkinson"
2418,"Thomas Russell Jenkinson"
2418,Stereotype
2418,"Square Pusher"
2418,Squarepusher
258753,Lamb
258190,"Shaman's Harvest"
39683,Extince
282109,"Armenian Navy Band"
115004,"Jack Scott"
905227,"Lee Burton"
471585,"Gerard Quintana"
428674,"Coven of the Worm"
901869,Pigs
6595,"Bo Diddley Jr."
6595,"Ellas McDaniel"
6595,"Ellas Otha Bates"
6595,"Bo Diddly"
6595,"Bo Didley"
6595,"Bo Diddley"
71451,Calibre
96865,Viking
460443,"Fueled by Fire"
1173020,Sorghegard
59207,"Heinz Rühmann"
60141,VDM
58960,Moodorama
202854,"Nuno Canavarro"
470492,Osmo
470492,"Osmo Ikonen"
128418,"The Swimming Pool Q's"
378237,"Robin Auld"
60393,Saariaho
60393,"Kaija Saariaho"
159683,"Daniel Melero"
1501,"Penny Wise"
1501,Pennywise
7431,Walkabouts
7431,"The Walkabouts"
38110,"System F."
38110,"System F"
54800,Gandhi
153616,"The Hollow Men"
87481,"Chacho Tirao"
87481,"Oscar Emilio Tirao"
87481,"Cacho Tirao"
923140,"DJ Snake"
762562,Aittala
1919,"Me First and the Gimme Gimmies"
1919,"Me First And The Gimmie Gimmes"
1919,"Me First & The Gimme Gimmes"
1919,"Gimme Gimmees"
1919,"Me First and the Gimmie Gimmies"
1919,"Me First and the Gimme Gimmes"
1605,サソリ
1605,"The Scorpions"
1605,Scorpions
93941,"The Impacts"
172661,"Alberto Vázquez"
4473,"Benny Goodman"
149276,"The Fairies"
437428,"Agatha Christie"
184,"James Marshall Hendrix"
184,"Johnny Allen Hendrix"
184,"Jimmie Henderix"
184,"Jimmi Hendrix"
184,"Jimi Hendricks"
184,"Jimi Henriks"
184,"Jimy Hendrix"
184,ジミ・ヘンドリックス
184,"Jimmy Hendrix"
184,Hendrix
184,"Jimi Hendrix"
616789,"Jóhanna Guðrún Jónsdóttir"
616789,Yohanna
30528,"Olavi Virta"
177719,±çÀR¯ø
177719,Áº¾²Èã
177719,梁静茹
177719,"Fish Leong"
177719,梁静如
177719,"Liang Jing Ru"
177719,"Liang Jingru"
177719,"Jasmine Leong Chui Peng"
177719,梁靜如
177719,"Jasmine Leung"
177719,梁靜茹
36972,"Rory McLeod"
735710,"Do Amor"
976,"Martin Dean"
976,"Martin, Dean"
976,"Dean Martin"
50923,"Los Huracanes del Norte"
371284,"Maranatha! Praise Band"
14560,"Billy Piper"
14560,Billie
14560,"Billie Piper"
908575,Cowards
765988,BlackStarrFinale
1032569,Meiosis
112448,"Marcel Coenen"
1034702,"Lucho Bowen"
386739,"MIA,"
386739,M.I.A.
843804,"Doug Hayman"
351555,"George Bellas"
41644,"Tracy Bird"
41644,"Tracy Byrd"
532940,"Citizens Band"
611432,Mess
34378,"Oscar Emilio León Somoza"
