songId,artistName
kWCe23fM7QA,"Roc Marciano"
1MMNTUtVIvw,"Meredith Call"
vhKkGg30ZzI,Brulé
vhKkGg30ZzI,Zesau
vhKkGg30ZzI,Abis
vhKkGg30ZzI,Lacrim
9ZPdWzxn6-0,"Betsie Larkin"
6a_BkCSoszY,Luciana
7tjXs3FuZXM,"Duce Banner"
LSKY7_XmNeI,"Trevor Friedrich"
0ylCuRFLwy0,"50 Cent"
SkmjlG--yIA,Eminem
SkmjlG--yIA,"Busta Rhymes"
7YB_0lYBinw,"Paris Blohm"
7YB_0lYBinw,"Sterling Fox"
-c7Hre5INys,Shotu
Kcci_U0O_m0,"Edward Burgos"
oBbpM1BdkL0,Oz
hmmv4WTw7DU,"Gretchen Dione"
Tl2m1YZGLKY,"Dr. Alimantado"
KKRJpcBcKBw,Alesia
idDMTBgpbnY,Publique
-PyBWemsDyw,Хармосини
YWC29zYcIRE,V.A.G.A.B.O.N.D.
qhxQqv975QQ,"Joan Manuel Serrat"
nmB3_AYPNmk,Mindheart
J-zBr7BVWgg,Rasco
uveMD73weX8,Floyd
uZn3OMDmv_o,"Kelly Dean"
W70zryAwfmY,"Gueule d'ange"
UYGPuZH3M4U,Christie
UYGPuZH3M4U,Teresa
NQJ9GuxLH04,"Mac Shawn"
NQJ9GuxLH04,Soopafly
yCzH-dNzDy8,"Bobby V."
vFcWWszreeM,"Celia Cruz"
jqieJNQPuYE,"Kid Millennium"
6m6Qlc6h8zg,"Omar Faruk Tekbilek"
CZAFMqW0aS0,"Barbra Streisand"
rU2pMGzd-Z8,Toquinho
l-A23S4Ih0Y,"Tom Gaskell"
pZOFCjEnXyE,"Marion Kelly"
_E3_imisKvA,"Jean Baptiste"
_E3_imisKvA,Nyah
ImTFH6H8viI,Stevio
gC1ovB417ok,"Bun B"
WYD7ov-xXzQ,"La Sonora Matancera"
yC-KOCXLYnc,"Kinderzimmer Productions"
oB0UqBMDXZ0,Alika
6E2BQc60Yyg,D.I.T.C.
rhmWKPWIgYk,"Funky Junction"
0PwANJkaxuI,"Seinabo Sey"
0PwANJkaxuI,Beldina
phMDvGaiOCg,Makoto
jhPBcvyDz5g,Eminem
VZDlULGBocc,Organismen
U8BGP5VkprM,"Bing Crosby"
AyoIPi5EfJ8,HI-D
qrHYkd1gJgE,"Todd Terry"
3yddHpOXSEk,Akwasi
-zgOUJH7uow,"Naughty Wood"
Z2ZVKhL92bc,"Charlie McGettigan"
ccw-mUI1Le8,"Billy Murray"
BNMTN3KBiF8,Solomun
_q4ZqR8erwQ,"Monica Törnell"
KMRjF05rIfs,E:Regulah
mLvyo1x2C_I,Outerspace
mLvyo1x2C_I,"Black Market"
mLvyo1x2C_I,Suspee
VDTugt_sSsM,Pauline
U5pBTKyKYp0,Scorpia
LvT72lUPaso,"Andreas Moe"
KOwpfKETNVA,"Ted Bogan"
BoGUYoaxA2g,"Quantum Soul"
BoGUYoaxA2g,Ruckspin
BoGUYoaxA2g,Planas
-TmD50m6CL4,"Craig David"
ZRZ96OtKPNE,"Han Bennink"
RlbskDCsDkg,"Sunidhi Chauhan"
V4t0kQt2SOk,"John Coleman"
COmDGLdpvog,"Cécilia Cara"
n2WJnsxsVhQ,"Bob Cooper"
beYyOe9djno,"Matt Smallwood"
1q8iGNA21V8,Jay-Z
1q8iGNA21V8,Nas
1q8iGNA21V8,Kelis
whD5Kr3cQro,"Samantha Mumba"
81Eqtngffs8,"Quang Vinh"
z00GCA0IHZw,"Pascal Obispo"
1ulGuOKDErs,Metro
6dvet75fDUU,Lawson
QDoGoV9P1oQ,"Madeleine Peyroux"
glkalqTD-_I,"Dick Rules"
8AsWgwgYsKk,Keane
Q8aGMezY4ko,"DJ Proteus"
ikQkAtNtLvw,"Carmen Consoli"
3iC7cgZIZUE,"Kembe X"
CfOABAC3WBA,"James Werts"
s0axJWDI_v8,"Rita Ora"
672C-bi_u54,GZA
672C-bi_u54,"Killah Priest"
P4tSRBJaudQ,"Jukka Rintamäki"
wKSh0UElRtE,"Alka Yagnik"
Iinff8wlup4,"Maxine Hardcastle"
gicRAwKJ1jU,VanVelzen
chf2KivGvtk,"Babel Fishh"
chf2KivGvtk,Beastmaster
NKWm340cIzE,"Klaus Badelt"
iZiuEAv4bz4,"Nu Foundation"
e8u8vFzP2mY,"Francesco De Gregori"
Jg0oRp7Dqa0,"Gordon MacRae"
zbHIkg_NTy4,Nas
zbHIkg_NTy4,"The Berklee Symphony Orchestra"
ytXh5g3CZl8,"Laurie Lewis"
HnafhgrQbko,Clarissa
t1XQLe4J7kQ,Buckshot
8w3-lsr0HNQ,Focus
LWpl300T93c,"Steve Houben"
yHGhFLi9t-8,Freeway
yHGhFLi9t-8,"Nikka Costa"
ElEWqJJwwsg,"Brother Ali"
9wwiBL03mOQ,"David Wise"
jOPUUuHMRpY,Blackstreet
HixVaBuuxAw,Jazzu
zC1ZIt-5aBY,Anoushka
H61cdk14mNw,"Jacqui Abbott"
hOzkjjU1Ymo,Teya
nxtIRArhVD4,"Iggy Azalea"
PdsQVoj3Jj4,Broken
gIJgPO9vvT8,"The Spiritual QC's"
uQWVEeveJAE,Matheo
yLgQ8gSBzjw,"Jax Jones"
HIWnIKu1v6A,"Elton John"
4YulRJZgkt4,"Sean Paul"
XaM5fz8ktZc,"Aloma Steele"
WW8YaY0ycUQ,"DJ Uto"
WFbgRmkzU08,Ab-Soul
d0FcFhSZ_dM,Wiley
d0FcFhSZ_dM,"Elen Levon"
_uw_TUZpnk8,"Denise Lopez"
8WV38JAoQR0,Kasra
VAKwHTGxVqc,"Dave Barnes"
AUq8iYxQyd8,"Doc Brown"
j2ev4uvBrLo,Slagsmålsklubben
P6VT8iC0J4A,"Purple Disco Machine"
hEb0ZWVknCI,Asa
4tkDMcPJ5mM,Nylon
MB7JYXg4e3U,"Claudio Baglioni"
dhNHICdgFC4,Mario
dhNHICdgFC4,"Gucci Mane"
CMzGaugrDuI,"Lonnie Youngblood"
WIFnilc5_Eo,Jaren
6LYlF9MFO6I,"Rednose Distrikt"
7wuhWx0g-YU,"Big MaMa King"
vgLpbkPBCTc,Q
lWfo7DAOJJE,"Subway Sect"
ps_McN6tIxY,Philip
PEHBrYlG4Qc,Maikro
7jEZEpVfoE0,"Doyle Bramhall II"
sqQZS4BoY9g,Kromestar
jAdSB8GgSQ4,"Agent Greg"
UdDj_L2wfbM,"Terri Walker"
8AnapWg01hA,Coco
_dkH9GdQaLk,"Barbara Gaskin"
4SfxYVRa1hk,"Dirty Disco Youth"
QFW_im_Z36E,Rani
wv_i3sM5vI0,"Lisa Moskow"
5LHLOKnQcLU,"Gordon MacRae"
tzpiaacofsI,L.E.D.
yE_ycjk__7A,"The Silvertones"
Oxy6nLyjSNc,"9th Wonder"
PpDWwM2tvQM,"Wade Ward"
w3LkHMIvr6o,G-HOT
02SngJWPb58,"Alice D."
5P8a3jNGBd8,K-rlos
o4fKdg6yO1k,"Patty Andrews"
eTHGpVNjAn0,"Cee Lo Green"
Gek_OYKYyNM,"Earl Hooker"
Cc5CoCFmbko,"Mark Whitfield"
Cc5CoCFmbko,"Christian McBride"
aMmlMZEqkaU,"Danny K"
kL-MCx136ew,Alpes
4Ke7utuQ2b8,Nap
1Z4LRFW0YjY,"Jah Shaka"
d560AAx8N6k,"Christian Hoff"
dP4iRw_du_Y,"Mike Shinoda"
ADNNblTQSDU,OceanLab
GzfUm6pw_As,"Sy Scott"
a1_Y7sb3myg,"Coco O"
Puzd2BBY8BQ,"Matthew Dekay"
Puzd2BBY8BQ,"Markus Schulz"
Puzd2BBY8BQ,Starsign
25w8TIasBUY,FiloQ
xkyt-JRfQbw,"DJ Hype"
nBF-0PlgD-I,"Alex M.O.R.P.H."
HzwsFJir46s,Moon
BZh9CAcFCW8,"Joe Maphis"
feLaqJqZjxM,"Julee Cruise"
gY15qUq75i8,Flame
gY15qUq75i8,Kano
CsA8n9SCQdc,"Carlos Baute"
sd_4JtjAwbw,"Clara Hill"
QxbI0itx2j0,"Joe Bataan"
otvCEi7JuzA,Ballgreezy
jiLIf1lmxIE,"John Renbourn"
8DBGAgJJplw,Bungle
PHCuY8_5xRI,Entics
3zEv0bUh_p8,"Gordon & Doyle"
_UntvvZBu_E,"Isaac Hayes"
u-BiRk1JQP0,"Dave Storm"
bVmRka5-9qo,Prolix
NJXIneOC7C0,"Solo Di Medina"
t1f7TiRk2Mg,Tede
nm19eEgpaMg,Beenzino
K3bbtUqbJaE,"Sidiki Diabaté"
zVK9cpUnn0g,Zverina
WtCJ6WZEQ1I,"Ria Ritchie"
vyFfbnjlxPM,Pacific
sBxAWOb-iDY,Boo-Ski
W4Fs8QCcrCQ,G-Unit
dkA-UOA48sw,WC
8GS8IQqRUWo,"El Indio Gitano"
0gkOswsUbqo,"The Specials"
AB1nOI8zyM4,"La Chat"
hcB_iShNAGQ,Tuccillo
NI0vu0U9XTA,"Big Tymers"
2X7gpLUbo70,Resound
rTB6BLsTWkk,"Sérgio Reis"
2i_-wkXfwA8,"Eddie Fisher"
7lalF3KG1FQ,"Homemade Knives"
AQ1nm_D-IWQ,Change
fypZUjUxHNo,"Bertrand Cantat"
sDzMR5X8IoI,Lloyd
sDzMR5X8IoI,"Trinidad James"
i1OlmLYfAC8,"Hologram Lo'"
-w_0ZuG3LDk,"Big Diezel"
-w_0ZuG3LDk,"Miss V"
m2zWaXGGfNM,"Bonnie ‘Prince’ Billy"
v3UcyL7FqmI,"Shabba Ranks"
r5CYGG3NLZY,"Baby Blak"
r5CYGG3NLZY,"Pauly Yamz"
qTkRehr3iGI,"The Opposites"
H8NdavY2bfE,"Bonnie ‘Prince’ Billy"
ECThSH9LtWE,"Cedric ""Congos"" Mytton"
ECThSH9LtWE,"Don Carlos"
upkviM1kjkE,Tzarizm
KveJgKfnZsY,"Wendy Lewis"
jS5FQ9JrEN4,Malkay
5MTZb4JmaWA,"The Drunk Lovers"
w7pGwRJdbCM,Percival
cS_Wn-h6Tcc,"Mark Stuart"
dPVsTcdydPI,"Max Headroom"
nViWoBMH8cA,"Young Buck"
nViWoBMH8cA,"Celph Titled"
BnMbFRgIsyU,"John Fogerty"
APFvFNfHa1o,"Jessy Matador"
2tWYWS01k5w,"Timmy Trumpet"
W-2M4b8trJE,Poun
Q4Dj4A0GD7M,"Bun B"
VvB77j-i7r4,"Majk Spirit"
B7QftJn7Y5k,"Sirius Isness"
-ovm0EWLKjo,"Mac Shawn"
-ovm0EWLKjo,"Tray Deee"
0VSFHJm8xYM,"Jasper van 't Hof"
kdjGio65jk8,"Sol Ray"
KIgftv9YhBQ,Konshens
UJokBsSN6vk,"Johan Hedin"
dxoKqqktmGc,A2H
hgZ8ncll65w,"Amba Shepherd"
lmr-A9zxv_0,Outlawz
Ti7UVhiV9aQ,이윤정
6AY_F0cbzX8,Solitaire
pi3FBmexJd4,T.I.
fzBxBxHo1MU,"South Rakkas Crew"
QO69x748yTk,"Omar Santana"
Fd1gQ3eiuLE,"Marie Goyette"
w_4prHG4XLU,"Giant of the BarTendaz"
bgvxZssycRE,Esco
bgvxZssycRE,"Zawezo del Patio"
XRYSxpvER-o,"The Upsetters"
blM2NQt_COE,"Operation of the Sun"
9Qs5-E6t2n4,"Sys Bjerre"
dgR59cpPWRg,Futurebound
8aFL5Rt4XCE,"Megan Washington"
pvZByfSwzAE,Je'kob
t1DA3yWDOBQ,"Jocelyn Brown"
lEDXYa9qk9w,"Lil Jon"
BLRkYQwwvgc,Untitled
ry7HB1Tg01c,"Gwen Foster"
pXPlvmf-l5U,ASKA
PQTAT0ghKcc,"Spikey Tee"
FKdKQQYBrd0,"Cenk Eren"
B-WSfQ8S_d8,Quintino
mvDg_t9_heU,"Big Tymers"
mvDg_t9_heU,TQ
xcB9V532sHo,Bravehearts
7f8nSWtJLQo,"Austin Mahone"
FCl5QCYPDoE,Lloyd
FCl5QCYPDoE,"Slick Pulla"
nkpuly9D7cs,"Busta Rhymes"
y1BiwcFeqTo,"The Cockroach Combo"
nMJqcXfuAe8,"R.E.D. S.E.C.T.O.R."
Okj6g1CnNWo,"Freddie Nelson"
Ad_eViMKuF8,Jwaydan
INKDku9MijQ,Optical
INKDku9MijQ,"Ryme Tyme"
NGnY20AE3DY,"Lia Mack"
bT3G0w9SctM,"Chirie Vegas"
ezVpo1xFFJ4,"Jerzy Połomski"
KQOe2FtX2BU,"Matt Horsepower"
goRwRRSfDbk,Delic
goRwRRSfDbk,Typhoon
goRwRRSfDbk,Rico
wNZfNS2vTtw,"Raheem DeVaughn"
BqcvoE_MktU,Mustin
W3OY1bbRgTY,"Ray Davies"
CS2dEWAe3xE,"Benny Andersen"
9BCoQPYtWAc,"Little Pepe"
9BCoQPYtWAc,"Gordo Master"
CiYi6GAA62Y,Necro
x8SD98x2KQ4,Kazkami
A6VJs7KM84c,Catacomb
eACC7W5xX9I,"Pharoah Sanders"
2Ou7zTV1g7g,Christophe
-bE8JPqgEQ0,彩羅
cFkQD3FTXV8,"Wynter Gordon"
4FLylWMxnCk,"Fonda Rae"
ZeXeMXDB-SI,"Duncan Sheik"
QcS8zUEBq_I,"DJ Patrick Reid"
4W-x6wVfEBo,M.O.P.
SVMX4ZEZS2Q,"Amanda Wilson"
bdU7qLRw824,"Kev Brown"
uvQz41KDJy0,"Bobby Cruz"
UlCWKZOq6oo,"Detroit Diesel"
jTs65zelEkQ,"Stephan Hinz"
Pdu-9PhemhI,"Black Nicc"
Pdu-9PhemhI,Halla
u6tpvxgD5ds,Z-Ro
u6tpvxgD5ds,Trae
wNgMUhsTxEI,Rigo
62Qjs9umx6M,Sia
VTZEWZdE-6M,"Snoop Dogg"
AP85L6L_ffA,Shovell
onEibk2a-LA,"Mercanti di liquore"
GYdKvN7zxFk,Rahel
w19jsCx3UwY,"Alice Gold"
vOcsU_xHmUI,Pähkinä
s-nYpzP7ZGY,Kerr
1pyukHI2LWA,Minamo
R7SQggl5Vao,"Dirty Dave"
R7SQggl5Vao,Quran
R7SQggl5Vao,"Coley Cole"
VAfng2XlA-8,Brother
0xXHHTGZnO4,"Nicky Romero"
-oKbxpgpphs,Skeme
-oKbxpgpphs,"Bad Lucc"
RIo4ktusqs8,"Tinchy Stryder"
xolDYh7BL0E,"Vika Jigulina"
AWu8Fz49hUM,"Willie Nelson"
AWu8Fz49hUM,"Charlie Daniels"
AWu8Fz49hUM,"Charlie McCoy"
NADOVwP8Xcw,"Artur Palomo"
9ZTR8gZDd-o,"Beenie Man"
zCW7VrDb5OM,"Mr. X"
5aipbGzOmGw,Apaşlar
gRMmWvaLB00,"T. Coles"
zcvrfiF2vGo,"Slick Rick"
zcvrfiF2vGo,"Masta Killa"
zcvrfiF2vGo,GZA
K6YDzfrkOEo,G3RSt
c786BBmkuNc,"Little Dragon"
KKX3Qu7Cc5k,"Patsy Todd"
EOd4OUxYw-8,"Ann Saunderson"
xxmobMzOm68,"Carole King"
oTGP5M3Z9u8,"DJ Spinn"
k84PWKEwJU8,"The Upbeats"
WT60w7adHrY,Tantu
NqISGOI0eWk,"Paul Brady"
lFnP7g6W8so,Sticks
osjIgBMyGQo,"Big Boi"
qJAYeq19oAQ,Madlib
4uIcaIyu0Qo,Praktik
SUDTK8D5XVE,KANA
SUDTK8D5XVE,mi-mi
RhbdghMorow,Zeitia
mXj2caIW8bs,"Aline Morena"
G0x72MpjUNU,Graciellita
SKedIvSuPjw,"Willie Taylor"
psQAixXdzjY,Hazhe
z9cyNQc12WI,Manero
P-9nMimalyU,Ab-Liva
Qpr5AY26DNQ,"The Love Fellowship Crusade Choir"
-vOZn-ybiCc,"Anthony Hamilton"
N-NLkg4aiVg,"Jocelyn Brown"
s-pJXs47_6g,"Miami Sound Machine"
UEcwj1yNuiM,"Andy Moor"
UEcwj1yNuiM,Whiteroom
9DsuzkAe8X0,"Tomáš Klus"
b6TSrmQcBqY,Outerspace
CGpL0yQEXpM,"J Majik & Wickaman"
oZZ2Mxpb-6U,"The Opposites"
VqHmi4KuMCU,"France Gall"
9Rw3cgQ65zs,"808 State"
fct3kdKoDcs,"Asuka M."
fuzuWlUeMwo,"Tony Iommi"
5HB-4mPo21M,Lloyd
rX8MND_zkTg,Synthesia
mcrhNZAJHos,"Ilkka Vainio"
y7Y8tEQYIgg,Mo
gpiJuYDd6Ds,Кино
eN-RSxu_iBU,Paradox
z5uNYrpRyI4,"Lisa Hunt"
44UIOYGFtVY,"Ricky Ranking"
PJTS9Y60sb8,Nongenetic
IP9vLVTI-ek,"Erk tha Jerk"
Wqzd_4F8JFc,"Jimmy Bryant"
G_rIYltEa5E,"Love and Theft"
H4mUwSYgZ2g,"Silkk the Shocker"
MseKpNUOIvM,劉德華
dmaJeUZRMAk,Bisca
dmaJeUZRMAk,Almamegretta
tmakpQdUdVA,"Andy George"
TDq-jRJCNcE,Kramer
eLnzYP5LnS0,"Dimitri Nakov"
ScArkBG_yAE,Sido
lVIZWqTi-gM,Skitzofrenix
IwBUNQB4wVY,Savannah
ydS-Cqi9UdQ,Wray
ypTYE6FY1e8,J‐Live
Q1p_zB4fuuQ,"Tim Reynolds"
D4_MngRZo4E,"Filthee Immigrants"
ferVNcB8PC4,Richy
g1pCk8E0L8I,"Tray Dee"
uHjO2tunW5Q,"Ghostface Killah"
ZxMtgdl6Acs,Toga
EEmtDg3_zk0,"Ann One"
GNo-G36WjnE,"Martin Müürsepp"
WPuBsyDjz34,"Jun Miyake"
qdzvC0XxoMY,"Christina Rosenvinge"
dP_1XpVddQw,Zro
dP_1XpVddQw,"Slim Thug"
qyUO8s5fnpU,"Lori Glori"
5iVU0vb1gfU,Gastam
P6IPxhHz4ew,"Moritz von Oswald"
57FZa0jsYQA,Strato-Vani
FVZMsUIjY2Q,"Ricky Nelson"
FVZMsUIjY2Q,"Walter Brennan"
0tVVbh250XQ,Apparat
cNc7laXqRKg,"Mark Curry"
cNc7laXqRKg,"Snoop Dogg"
cNc7laXqRKg,"Busta Rhymes"
C7On6s5sKmA,Cassie
C7On6s5sKmA,Fabolous
LLJQAjEK9ps,"DJ Mad Dog"
YbYkt_YPGHI,"King Syze"
65rxkBk0XAo,Clarity
brz8OhBsnLU,Eligh
ctV6LZnMVdg,"Fine Taste"
FCTFHQ2fRIo,Hugo
ZJmHvI9Q5Ps,Clokx
OJ8GLYNqhro,Gemitaiz
p6TrQzNTrRA,Styles
3nuVJH40lcE,xaBBu
kmOuh499c3M,Suizo
CLUjxEqgcD0,"In Panic"
hnqfFlREsCc,"Duke Garwood"
xVZNRdJ7P7k,"Lucca Perotti"
0x_3aiYrYwE,SOL
6sHDOPhUB_c,"Jagged Edge"
Umg5DqrjrFY,"Dino 7 Cordas"
HN4IGxPXJdE,"Ferris MC"
UG24G3aZ2PQ,"MC Rony"
cRP9jbfx4RY,"Sadat X"
YL2Ue-pRkxg,"Holly Vincent"
UPKYulJ0Sck,"Faith Hill"
SOHMdUlzxcs,Trunks
A4TIklotD_c,"Jean-Pierre Rampal"
9PhlvZooVK4,Liquid
29d5ATUk1oU,"Steve Winwood"
y4jM9AkfP8o,"Myles Kennedy"
gMy5lm3Q4I4,"ICE MC"
V0thP3Dbro0,"The Disciples"
nV61j2Fh5kQ,"Barry Hampton"
TBmG3Z_iDIM,"Sofia Rubina"
Pl9WNDW6X-M,"Buddy DeFranco"
A7sk38J9x_I,"Oliver Knight"
dcOtnBZn8hI,"Phil Coulter"
TxaaFvoyxKI,Youdon
cn9PTzcB3V4,Lights
hfIIBpF3K-E,M.A.E.
_3GWsLNphnQ,"Patsy Todd"
8H-wpeWGGD8,"Willy Wesly"
6dVqPFfeVwE,Koku
vd8Ymkl4TBY,Kopson
C0CRaFo0SZA,"Ricardo ""RikRok"" Ducent"
DBWj3JZbmQk,"Willem van Hanegem"
hA-Xn1qBsBI,Tejah
QQ6KBe3Im3w,Seagram
QQ6KBe3Im3w,"Gangsta P"
oZGbG-jNG3k,"Benjamin Gibbard"
e8wIm7O5rTs,"The Dakotas"
7Uv9l-lSSrs,Steward
P38JfibHLsM,"Natalia Clavier"
tcjk0YA3q6k,"Robert Owens"
_JasbEAfqbM,"Ken Darby"
IVkqlA88zEc,"Jacob Karlzon"
dgLv3YsNjuQ,Бумбокс
V4zthYc7mPY,"Sick Jacken"
Wse1vljryBE,"Marcello V.O.R"
gSir05KwGw0,"Trondheim Jazz Orchestra"
km3g2xyW-gc,"Valentino Khan"
oJFXwj_hTfo,"Lil' O"
oJFXwj_hTfo,Hawk
yCN9ULRNvnU,"DC Breaks"
yCN9ULRNvnU,"Dee Freer"
P9XV0jtQX0Q,"Glenn Lewis"
ynZ3WkoHgig,"Jerzy Wasowski"
DUnQoECt7gk,"Problem Child"
ZdHl10mDwG0,"Ming Xia"
o2qjdgqBf1A,"Jay Sean"
KlPIDhKbV4Q,Obenewa
asoNZC1AY9c,Sk8
MKOT6teSarY,"R Kelly"
OPnSHqcDdcE,"Brother Culture"
pk1Pu3e_4so,"Alberto Baldan"
8Jw0j8Qp7Lo,"Gym Class Heroes"
Q-vevvw0YCY,"Francesco De Gregori"
KvxCIoiKV9c,"Jessie Jones"
s8prC9_8vm4,Fler
w5MZn3IIKow,"David Pe"
w5MZn3IIKow,"DJ Emilio"
eJzrTH5woMI,"Wiz Khalifa"
ziW27jyMYTg,"Robert Gordon"
R0QyO5ZPw2E,J-Son
DhvfPdR6Cnw,"Lucy Randell"
rv63su5kJUY,Cham
rv63su5kJUY,"Alicia Keys"
0mR3ZUB_Nx8,"Bing Crosby"
0mR3ZUB_Nx8,"Dean Martin"
hqnv_yXYWNI,"The Game"
hqnv_yXYWNI,Daz
hqnv_yXYWNI,T-Pain
sb736rGDBKo,"Evil Activities"
LzJkiu1rwno,"DJ Florian"
FaMY0gNyoIs,Flame
FaMY0gNyoIs,FEDEL
css3LKdIrs0,INXS
UR-CgsJzdJ4,Mindscape
UR-CgsJzdJ4,Axiom
PiVS8smTcLQ,2Pac
PiVS8smTcLQ,Eminem
mVT5tgcWbXo,"Richard Gomez"
129ieQVck7Q,"Leonardo de Lozanne"
9z_TBiJh_3w,Alonzo
1yuWa2xlipg,"Gaspard Augé"
ZycwZ0H4SlM,Hades
sUEFODY79iw,CFCF
iVAZPsB9ryc,Decoder
I7P_HQL2paQ,Nanisha
QCAPE0JAVqE,"Frankie J"
Ka-to7xmib0,"Il Divo"
R_H5VYKtms8,"Kuldne Trio"
R_H5VYKtms8,Nancy
R_H5VYKtms8,"Must Q"
HeLVFOVHJmA,"Chevelle Franklyn"
dZ5ts9cQ0tc,Rosario
djm3IOVX72c,"Majk Spirit"
djm3IOVX72c,Radikal
djm3IOVX72c,Kaidžas
djm3IOVX72c,Opak
djm3IOVX72c,Stopercent
djm3IOVX72c,DNA
nke_D8qaiOo,Eddie
nke_D8qaiOo,Thoneick
nke_D8qaiOo,"Shawnee Taylor"
yyiaVZxJdvs,Busdriver
0t5dMvw_Ui0,Sting
wKxfjTFEH08,"Tim McIntire"
hdLJTbsgVXQ,"The Order of the Sanguine Diadem"
H2K9HegziKo,"Tech N9ne"
cDtTrY2GFmM,Busdriver
cDtTrY2GFmM,Beans
B1quBTKOqwU,Juvenile
B1quBTKOqwU,Nature
B1quBTKOqwU,"Ja Rule"
B1quBTKOqwU,Reptile
BNOljg4O7t0,Tomiko
eyLZgx4-n7U,"AYUSE KOZUE"
uNkxAwATHq0,"Dizzy Gillespie"
WBmYjpgs_Kc,"Kimara Lovelace"
o3jT7tdzxc8,"Simon Binkenborn"
3Isnzu-rGVc,"Andrew Edge"
TugmhdaBJiI,Asamaan
DLS_Od3cdk4,"Killa Kela"
TyTZJouDMeE,"Bodega Bamz"
45t-ycMfjsU,Nidhogg
4TwmWS4VBcA,DJPP
4pZCC02uw2A,"Sunni Patterson"
Wztufp6HzhA,"Bigg Taj"
163j0SdoZoQ,"Ebony Fay"
srnn8aeRO-I,"Michelle Weeks"
yicr2v2eV9Q,"Kes Loy"
RgcdE-0xCbs,Aimer
d-17OfjnMn4,"Johnny Osbourne"
9zY7u2FbW6k,Rayden
TTxDUv8b8MI,Kurupt
TTxDUv8b8MI,"Jayo Felony"
sQ7eE_vzQhg,"Tiger Rosa"
OW0Yo_ohSvQ,"Olivier Desmet"
1CSKGifR6LM,"Matthew Santos"
geGoma5mqRA,Sonos
S-fk2_nvRlU,"Jimmy Zambrano"
Ab2OXf01Yq0,Kurupt
Ab2OXf01Yq0,"Butch Cassidy"
bz1-LsCoK_A,"Dejan Lapanja"
EUw3QyRHs5I,MJ
_fxl98POXIU,Beyoncé
kMxenBv8gE0,"Ohmega Watts"
qvaJp8r1qzw,"Seis Cuerdas"
Z0iZqKwX_2Y,Thorinair
QLgwctc-6js,"John Porter"
mxzEpQ3lZMk,初音ミク
Rvphz5BD5go,"Dougy from The Temper Trap"
9_VSkJEk8tg,"Pharoahe Monch"
emlQvxDlMcM,"Rebel MC"
ABobq-1TmK4,Assassin
BCcxm6YKoDU,"Trevor Rabin"
Tsig5oYRVvg,C-Bo
Tsig5oYRVvg,"Rup Dog"
oW2sAYQ8P08,I.D.
Yqepnjcjv-4,"Juicy J"
NzZfkic4n8U,Resound
-JKs5H9DljU,Roula
otWGddfLjdg,Simon
UfQR_aCkO9Q,"Danny K"
3_EIkHTBtj0,"Tutti frutti"
o28I5AUzxzM,"Brian May"
NV_RWD9gZkk,"Meyah Don"
NV_RWD9gZkk,"Jack Orsen"
4Lc6vVRPaEU,"Duke Ellington"
_GR0C3Qk2pU,Redman
G6kNa9t37TQ,"Ruste Juxx"
G6kNa9t37TQ,"Sav Killz"
ONX-AaQdc2g,Lima
CRVrjAZaZiQ,Ostefar
CRVrjAZaZiQ,"Gee Monster"
MJVrTL8UvEY,"The Upsetters"
EfR3rSRJubQ,"NDR Bigband"
IOLrKXMWwto,"Pilar Romero"
MZp4vhmz6hM,"Jennifer Lopez"
MZp4vhmz6hM,"Cláudia Leitte"
ix-4ObkXx2g,"Fergus Williams"
OArsWHfkNL8,"Richard Lacy"
RZA-AozBgb0,"Joe Sumner"
TDVMnQGqIXU,"Janelle Monáe"
M99UmjDhHSs,"Morlockk Dilemma"
pW9226TA-OI,"Benedito Lacerda"
lzoyQnzxLGw,"Nathan Sheppard"
9vhNlOaJ9zo,Jahpan
PjT7TQC0uiU,Chakuza
oIxZ7eZux7o,"Shinji Tamura"
vGEg03TGjJk,Mocca
bWP1QFRBl6Y,Dorpas
9cxEleMzgwA,"Marcella Woods"
RroPbIgCh04,Proof
8MXZlJJT1XM,"Dalton Baldwin"
RoFKxayGPwU,"Melinda Wiggins"
FN7iId78IWk,"Teena Marie"
cEiYMY2CDsc,Beyoncé
cEiYMY2CDsc,P!nk
wCFEsnIZXGo,Emerald
WWfyspodDx8,"Tragedy Khadafi"
JKF783vCW6A,"Noah D"
XCAVgdimkPw,"Cleopatra Stratan"
KVlWzU_Gqec,"Spice 1"
P4CeKR1M39k,Mario
cTXPuFOzKJc,"Bobby P"
13s2ZLegB7Q,Barbee
IIy6aBAwYfM,"The Tramps"
5f7sWnArLSc,"Adriano Danzziani"
OMbcDeg_beg,"Dizzee Rascal"
e2wwN60sKfU,"El Cansino"
LKvb4rojVQY,"Vincent J. Kelley"
4RY_tUR7oGU,"Lido Pimienta"
knpTd34Sspk,Pono
x9mvTZZAUrk,Rubio
pou1VtrIwH8,"Richard Cepeda"
bVVGHkE--XI,"Ben Gibbard"
uldubh5w53M,Dallapé-orkesteri
dz9ma3Gt2cg,Roachford
6OD42CrOX04,RainDropz!
gR5DimMtdKY,Warheit
3DuD6xujVGY,"Raya Yarbrough"
Koik4cieUyE,"Badi Assad"
Koik4cieUyE,"John Abercrombie"
FMZ2lMRtDVM,"High Contrast"
umG-Hhv9voY,"Raúl Ornelas"
9XcEmw-mu-0,Coppola
gbAR9m8Ije8,O.C.
ME6_KISr4Eg,"Kelly Willis"
IpZk1OrBs1s,"Snoop Dogg"
5FJF0ncVEOA,"Scarlett Johansson"
aho2v_aEI3A,"David Krakauer"
qbfuUXBnvfM,"Kitty Brown"
i6ZpzfvGUAI,"King Orgasmus One"
i6ZpzfvGUAI,Marsimoto
8dTrwIhdikk,"Gigi Fazio"
O-g3yVUtL08,DMO
aqmspwiu324,Loon
aqmspwiu324,E-40
dGxnBak06vs,"Pimp C"
dGxnBak06vs,Nelly
YqNOJms2nIM,"David Foster"
70cBc3vu0-E,"Natasha Waters"
0Zcw5B_4MWQ,"Mitchy Slick"
0Zcw5B_4MWQ,Yukmouth
YQ0HtveMSTQ,Takamiy
P1ZUTyPYWZY,"Duncan Pittock"
aQswpoqoA-Q,"Talib Kweli"
Hk5fYeEZIys,"General Levy"
U184j7VMpSQ,Zucchero
Wr-lO_hlZTc,Chakuza
ucPMjDVXw9c,"Roul and Doors"
xAr6CsrJeYw,Cooh
cpp8PNpPM_k,"Jamie xx"
1YqZIfzUNNo,"Young Buck"
1YqZIfzUNNo,Chamillionaire
M6CXjdo7_SQ,"The Professionals"
APSuTk6cBQE,"Killah Priest"
pHU5oGD_wz4,David
2FDSaFgX0dc,"John Coltrane"
3HUC-Omm6oM,Tickle
N72Gbbq3Esg,"Samuli Edelmann"
IjlfxHaKSVo,Brookie
e-w33Q3i23c,"Ramón de Algeciras"
LZNon9z2ZyU,"Silvito “el Libre”"
_a1OY8h5hF0,Akon
IwbpO0pmAKk,"The Murder Junkies"
pSczfuWrALk,"Alessio Beltrami"
yDsbh1r83v4,Boddika
oAnzkzNIDqs,"Robin Wright"
pt2_gXiXQ0k,"Ayah Marar"
hTLiuXwvJD4,Massimo
RYfENDpER-Y,Nonku
MvS4hiefFyE,"Wout Pennings"
20UtFVQkfvs,"Donald McCollum"
y1tfdzrgRp0,Yasmeen
6MXyWWCMKtA,"Emma Hewitt"
Brk0ASD9Yjs,"Dan Skinner"
bqZlzZ-OjUw,Ne‐Yo
fXXQINe7PNM,"Shana Halligan"
M8HrAhqSg9E,"Yukimi Nagano"
O1kJoDU11nQ,"Joe Pass"
PykVb70MtKg,"Jordan Rudess"
pOiTv4MqK8M,"Nancy Sinatra"
A10YGscTAW0,"Foreign Beggars"
EE7m9NiY2PI,"Asia Whiteacre"
2o2Bb4BPnH4,"LeAnn Rimes"
gQMjgpzi0HE,"Chris Rea"
Ze67idRK7zE,"Trae Tha Truth"
Ze67idRK7zE,2Win
bs9JekDdD_U,"Glenn Miller"
PkLA54SDnbA,"The Rudies"
i4pLVoDxmpQ,"Rocky NTI"
bdSsmb8LNy8,Madlib
bdSsmb8LNy8,"Action Bronson"
bdSsmb8LNy8,"Joey Bada$$"
bdSsmb8LNy8,Ransom
3GTEdkKnxEI,Y.G.
B4PUvc17gq4,"Young Roddy"
LbmtYQ-GopU,"Asha Bhosle"
S7QDcfx32Q4,"Macbeth the Great"
S7QDcfx32Q4,"the Duke of Iron"
uKihlEhFIMY,Masar
2E13HTi3deU,Prodigy
2E13HTi3deU,Nas
tkauKDZkslA,"OK Jazz"
q02kMtsenRQ,"Ghostface Killah"
A0QfbztZ8A4,"Andy Mineo"
XxD7FF2i3ZI,Tommyknocker
XxD7FF2i3ZI,"Lenny Dee"
IN2SCpwEjO8,"Sümeyra Çakır"
2TPe8kINOfo,Akhenaton
2TPe8kINOfo,Shurik’n
D6G82CEloAs,Eligh
cRCNH6XE8a0,Jhelisa
YNxbCK8SaA8,"Amy Lee"
NgdVlehla08,Elena
fSDssvF67Mw,"Sinead Harnett"
O6rTfLu72cA,Ludacris
52tuhAE2hv4,Osom
oiuriMdrTwA,Janai
5D0gBPCBHhg,"Dr. Dre"
sxnjH7Dqmt8,"Krizz Kaliko"
HC4E8aONVJY,"Ace Hood"
HC4E8aONVJY,Wale
HC4E8aONVJY,"Meek Mill"
HC4E8aONVJY,Vado
HC4E8aONVJY,"Big Sean"
LL02LLz1nGo,Gammer
LL02LLz1nGo,"Hannah Faulkner"
8hoqpHe1TuA,"Moloch vLavo"
8hoqpHe1TuA,"Agresor Lotor"
SOsxLX4lrW4,"Georg Malmstén"
SOsxLX4lrW4,Dallapé
tBD_hN_qz2M,"J Mascis"
885RQI_Vztk,Ercandize
885RQI_Vztk,Amar
885RQI_Vztk,Caput
885RQI_Vztk,Mottaman
0phc94kjvLA,"Mc Tuna"
PQUtH73hHC8,Aruna
on-8IvQLS_Q,XI
8IkIQatmqPo,"The Murder Junkies"
QYx7UjNj9_k,"Martin Diesen"
c-VcGD5qZSQ,"Néstor Marconi"
F_IPONMvUu4,"Loverush UK!"
vmisOxCHEiw,"k.d. lang"
brenxlSDCOo,"Penny Nixon"
6U5w-D7nq6Q,"Neshga & Senamo"
djWBAdzoeqk,"MC Det"
owkoeOaBRf4,Sting
WRMQfiMbBxU,"BAD iDEA"
3x2ABSAMVno,"Skylar Grey"
xJthzhGjs54,"Chico Buarque de Hollanda"
vuSPGPKPbXI,ZG
J7_Aaju5OxA,"Barry Stoller"
H1hFbh7HWds,"Koen Groeneveld"
HGR2EIv_240,"Method Man"
qxlefb5UrTc,Glowiej
mt7S83Qgc-o,Guce
mt7S83Qgc-o,Mali
mP3wNuHSaoo,Daz
93xsa9xIV38,"La Sonora Matancera"
7576LyU0wrg,"The Sons of the Pioneers"
re3veZ03ClI,Traumascape
IMYqEWUwfBc,"Baby Bash"
EXhqUO3drFU,Audiomontage
qP_ZwXxGlzM,"Iggy Azalea"
qP_ZwXxGlzM,"Mac Miller"
ibGd4B5_oRU,"The Underachievers"
rdokdCWp2Mk,"Coreto Urbano"
5MloqkDOcrU,"Ken Ishii"
6Jy1xzwU5Lc,Eligh
rikgaR4ljzc,Bilal
rikgaR4ljzc,"Pharrell Williams"
weKG68aG74g,"DJ Large"
1Cuo7r7QiHA,H.A.W.K.
1Cuo7r7QiHA,Trae
7YOMOaEzssI,"Kirk Franklin"
7YOMOaEzssI,Mandisa
JFWP7LZh_Us,M.Group
r4PDWsrDZzk,"Tha Dogg Pound Gang"
vuxytUcmq_Y,"Raheem DeVaughn"
dmUegxHdKJ8,Magellano
uwRgOhWpNpE,"Nara Leão"
uwRgOhWpNpE,"Maria Bethânia"
f_RJ1IZO5e0,Floyd
yBR_LT_IcHY,"Monie Love"
3rn2N0ZbLEQ,"Seu Jorge"
Gz3mP3jA1JQ,"Den Ishu"
y0dS7ppEdmw,"Summer Cem"
UEQ0HwYAGxI,Vado
kPFZ-JxQdtc,"Andreas Dorau"
wSTQdKyxfKI,"Gavin Friday"
wrvb359vtZs,"Bun B"
P6XWLyrUgqo,"Mark Fitzgibbon"
g1AZ8rcmM_M,"Alpha Wann"
g1AZ8rcmM_M,"Jazzy Bazz"
g1AZ8rcmM_M,Nekfeu
2NfEO-hTeIw,"Master Margherita"
3b1NTWV-Djc,NameTag
Gxw2XTQgKYs,"Kevin Knapp"
Ccw7_BtJZIo,Nanotek
QEGtlyA9UQ8,"Memphis Slim"
gPQgsE_iN2Q,"DJ Fresh"
nEGdijINTgk,M.I.A.
LJ8cDEUnfWs,ytcracker
LJ8cDEUnfWs,"K. Flay"
LJ8cDEUnfWs,Beefy
LJ8cDEUnfWs,"MC Router"
dXEKsAXoujU,Susana
9AbJHhtX6sQ,"Lucky Peterson"
daHjwU5kiTA,G-Hot
HDD-8-0gXcY,BOSE
HDD-8-0gXcY,AFRA
ehxi1cL90sc,"Skay Beilinson"
IAJjOo37IYw,"Vast Aire"
IAJjOo37IYw,Yesh
JbM0DtQZ9AY,"Tracey K"
ZHVEqsyitwE,"Les Claypool"
bcB7ni0JT3s,"Anthony Red Rose"
zVy1Ex4jB5Q,Hannibal
TqZby4Xb2GE,"Christina Rosenvinge"
qtizAiAJnzY,Lostlojic
Yq5t_TBZq1I,Chela
wcGk7T15bx4,"John Prine"
RtFhOH24lYc,Kaszalot
B4_G1Yk5c9Y,Blackstreet
HwFx4jwRzPs,"Chris Liebing"
e8vEuLQC0Q0,Havoc
Cb2a5lxEI9Q,"Slávek Janoušek"
Cb2a5lxEI9Q,"Jaroslav Samson Lenk"
4sYb6GkkbDk,"Knowledge the Pirate"
cRqruQ9Tf60,"The Viceroy"
3xaOHtbeH3w,"Lordz of Vetra"
RieEj0JmqFs,"Status Quo"
-cjwu3FWhP0,"The Spiritual QC's"
_QSLg-fP6es,"Cutty Ranks"
UTBj-Q1sw9Y,"Big Kill"
vmuu-YFJuJA,"Big Stan"
qii92JK9qJU,"The Weeknd"
HTb57IYEtAA,"Norman Doray"
GW_gkTbwS7U,"Marc Monsen"
YtKZAY5XFXk,"Bing Crosby"
kgRNOlQab80,"Natty Silver"
JS43ZKYkgug,"BJ Cole"
Xu4skp961JU,"David Sylvian"
n-58oYoh2zE,Eve
_9r0St7jZsA,"Dori Ghezzi"
869_veGDpsg,"Wiz Khalifa"
869_veGDpsg,"Ella Eyre"
KxHpE0JqXg4,"Scienz of Life"
qGrWP4__-7I,"Pearl Jam"
jLdDPM65eMM,"Helen Shapiro"
pTlboENupK4,"Royal Flush"
YS2qFXILmbw,"Nick Vantellio"
YS2qFXILmbw,Gambino
WLjRChkRSvA,"Ty Dolla $ign"
pjfU29xSE6M,"Kareem Smith"
uV8YsDdJwss,"Lil Boosie"
uG1v-7AiNHs,"Clare Evers"
W-maKHGG4Jw,Specktors
W-maKHGG4Jw,"Djämes Braun"
BMeUqYGSgDE,Datsik
zIXziqbLxzc,"Stephan Bodzin"
ZTOAXWKuwck,"Eddie Gomez"
Vw0d-y4JwSU,"Gabriel Ananda"
f6Aq91J4x5c,K-Skills
rczCxpS0k30,"Elzi Hall"
ei0OwD6N14k,"Envy Hunter"
K36rCCKuUDg,"Steve Nieve"
QKnRpR9xhRg,"Don Juans"
n7EeHZ2SGYg,"Steve Dobrogosz"
2ZwRZIUrIP4,つんく
dgGryO9LRFU,"Tom Trago"
yfkarpluy4s,"Paul Machlis"
M23FG0AeIuc,Kayjay
7ZGcLxieTFc,Nationalmannschaft
h9Emnm3GHnM,Ken-Y
h9Emnm3GHnM,"Frankie J"
4iOGlvJfmVI,"The Cherry Pies"
4DMsjoyTLso,Jazzkantine
5b9bTmXwoKQ,"Collie Buddz"
09n6ejrU2Gw,Tevin
7BUP1vSPYiI,Elucid
TLue2zFyKUI,B-Real
5oxFGVe2UD4,Goretex
5oxFGVe2UD4,"Ill Bill"
5oxFGVe2UD4,Necro
U7Wc8kJaPiI,"Emma Lanford"
zExqCl2Q7VQ,"Blake Baxter"
ohGjUQi0xPg,Aliye
xoUrSsmUsOc,СС-20
MOwD67BIPMA,"Four Tet"
MOwD67BIPMA,"Thom Yorke"
cEvJdXDH96M,Taktloss
9GK6aDF1gtI,Maker
mS969DYxUSY,"Ty Dolla $ign"
LEvBJFAMFiQ,"Rockie Fresh"
QZFttUJ9l8Q,"Sun of Selah"
mttDQ_IBER4,"Murat G."
vjgw904vvTs,Akon
5BsB7x0l1FI,"Ashley Tomberlin"
oa37B6bf4wU,"Bing Crosby"
MEQWNjK3KhI,"John Lawry"
Ss49JePYTT8,"Xavier Naidoo"
ySfba55AYNE,Dense
TD41jBqBjCY,"Eric Clapton"
qwIdf5ILz0w,"Chaka Khan"
QaqZn7g_59w,"Natos y Waor"
yXKAdzGVf5k,Walkmen
HeGIBI3xIgA,C.U.B.A.
h9hwIv7rb98,"Tim Reynolds"
8TMYGRxuOoI,"Ronan Keating"
rYPeyy82Z8k,Buckshot
8D5yCxitdAk,"Sonny Rollins"
vw4sqGr5SGA,"Ollie James"
UCJ8l6AZj-Q,Bam
UCJ8l6AZj-Q,"Big Rocc"
tIQyvTGzIg4,"Frank Zander"
tIQyvTGzIg4,Biztram
kPLSlbDTd7Q,Yelawolf
sXmPazbVNyo,"Ekoué La Rumeur"
bBk4hf6_YAk,"JAY Z"
qZiEI5DmfO8,"Dizzy Gillespie"
T1mLD281IvY,"Sammy Kershaw"
R_IY9LP54VU,"Tony Levin"
LmEGdsB690I,Euro
5AjZYJeQqN4,MNKN
